Datetime,Water Level (m)
2025-11-29 18:00:00,-0.16921256
2025-11-29 19:00:00,-0.33985183
2025-11-29 20:00:00,-0.5326445
2025-11-29 21:00:00,-0.6785354
2025-11-29 22:00:00,-0.6601021
2025-11-29 23:00:00,-0.24562806
2025-11-30 00:00:00,0.28619033
2025-11-30 01:00:00,0.48988587
2025-11-30 02:00:00,0.5891085
2025-11-30 03:00:00,0.637733
2025-11-30 04:00:00,0.55566084
2025-11-30 05:00:00,0.24397454
2025-11-30 06:00:00,-0.1176878
2025-11-30 07:00:00,-0.421173
2025-11-30 08:00:00,-0.72081953
2025-11-30 09:00:00,-0.9750702
2025-11-30 10:00:00,-1.1244034
2025-11-30 11:00:00,-0.9360041
2025-11-30 12:00:00,-0.11812516
2025-11-30 13:00:00,0.46726346
2025-11-30 14:00:00,0.65560865
2025-11-30 15:00:00,0.8148962
2025-11-30 16:00:00,0.872044
2025-11-30 17:00:00,0.7500756
2025-11-30 18:00:00,0.38986564
2025-11-30 19:00:00,0.027432216
2025-11-30 20:00:00,-0.2976068
2025-11-30 21:00:00,-0.6085416
2025-11-30 22:00:00,-0.86354566
2025-11-30 23:00:00,-0.9624362
2025-12-01 00:00:00,-0.5314479
2025-12-01 01:00:00,0.23823886
2025-12-01 02:00:00,0.5813169
2025-12-01 03:00:00,0.6692234
2025-12-01 04:00:00,0.710782
2025-12-01 05:00:00,0.6089328
2025-12-01 06:00:00,0.28045216
2025-12-01 07:00:00,-0.12335977
2025-12-01 08:00:00,-0.45651788
2025-12-01 09:00:00,-0.76719034
2025-12-01 10:00:00,-1.048992
2025-12-01 11:00:00,-1.2191672
2025-12-01 12:00:00,-0.99356145
2025-12-01 13:00:00,0.020959627
2025-12-01 14:00:00,0.6506094
2025-12-01 15:00:00,0.86443406
2025-12-01 16:00:00,1.03986
2025-12-01 17:00:00,1.069566
2025-12-01 18:00:00,0.8778004
2025-12-01 19:00:00,0.45339474
2025-12-01 20:00:00,0.0664755
2025-12-01 21:00:00,-0.2927479
2025-12-01 22:00:00,-0.6559482
2025-12-01 23:00:00,-0.9415949
2025-12-02 00:00:00,-1.0906198
2025-12-02 01:00:00,-0.6845668
2025-12-02 02:00:00,0.2568248
2025-12-02 03:00:00,0.699939
2025-12-02 04:00:00,0.8074753
2025-12-02 05:00:00,0.81901234
2025-12-02 06:00:00,0.63717985
2025-12-02 07:00:00,0.2509486
2025-12-02 08:00:00,-0.16850135
2025-12-02 09:00:00,-0.5182992
2025-12-02 10:00:00,-0.8339717
2025-12-02 11:00:00,-1.1233305
2025-12-02 12:00:00,-1.298019
2025-12-02 13:00:00,-0.936706
2025-12-02 14:00:00,0.19133173
2025-12-02 15:00:00,0.80371153
2025-12-02 16:00:00,1.0589225
2025-12-02 17:00:00,1.2388384
2025-12-02 18:00:00,1.2380868
2025-12-02 19:00:00,0.9543312
2025-12-02 20:00:00,0.47999737
2025-12-02 21:00:00,0.05817558
2025-12-02 22:00:00,-0.33652645
2025-12-02 23:00:00,-0.72255635
2025-12-03 00:00:00,-1.0454879
2025-12-03 01:00:00,-1.2346116
2025-12-03 02:00:00,-0.8134603
2025-12-03 03:00:00,0.29598564
2025-12-03 04:00:00,0.7907957
2025-12-03 05:00:00,0.87817794
2025-12-03 06:00:00,0.8287112
2025-12-03 07:00:00,0.563404
2025-12-03 08:00:00,0.14926663
2025-12-03 09:00:00,-0.28071162
2025-12-03 10:00:00,-0.6341299
2025-12-03 11:00:00,-0.9410896
2025-12-03 12:00:00,-1.2344446
2025-12-03 13:00:00,-1.3945674
2025-12-03 14:00:00,-0.8001938
2025-12-03 15:00:00,0.36162123
2025-12-03 16:00:00,0.9374022
2025-12-03 17:00:00,1.2251296
2025-12-03 18:00:00,1.3928486
2025-12-03 19:00:00,1.3317885
2025-12-03 20:00:00,0.9272634
2025-12-03 21:00:00,0.4224519
2025-12-03 22:00:00,-0.013551291
2025-12-03 23:00:00,-0.4376622
2025-12-04 00:00:00,-0.8376755
2025-12-04 01:00:00,-1.1355909
2025-12-04 02:00:00,-1.3231012
2025-12-04 03:00:00,-0.6950696
2025-12-04 04:00:00,0.41837433
2025-12-04 05:00:00,0.8562502
2025-12-04 06:00:00,0.92096996
2025-12-04 07:00:00,0.81922805
2025-12-04 08:00:00,0.5012182
2025-12-04 09:00:00,0.057960663
2025-12-04 10:00:00,-0.3650508
2025-12-04 11:00:00,-0.7099949
2025-12-04 12:00:00,-1.0238005
2025-12-04 13:00:00,-1.3040928
2025-12-04 14:00:00,-1.4293042
2025-12-04 15:00:00,-0.53094226
2025-12-04 16:00:00,0.55781966
2025-12-04 17:00:00,1.0596629
2025-12-04 18:00:00,1.3650173
2025-12-04 19:00:00,1.4876399
2025-12-04 20:00:00,1.3452778
2025-12-04 21:00:00,0.8493999
2025-12-04 22:00:00,0.34090048
2025-12-04 23:00:00,-0.10598345
2025-12-05 00:00:00,-0.5407382
2025-12-05 01:00:00,-0.9154713
2025-12-05 02:00:00,-1.2209882
2025-12-05 03:00:00,-1.3778642
2025-12-05 04:00:00,-0.49217045
2025-12-05 05:00:00,0.54594654
2025-12-05 06:00:00,0.90076405
2025-12-05 07:00:00,0.934488
2025-12-05 08:00:00,0.7699657
2025-12-05 09:00:00,0.41147554
2025-12-05 10:00:00,-0.041819856
2025-12-05 11:00:00,-0.45329833
2025-12-05 12:00:00,-0.7892561
2025-12-05 13:00:00,-1.0986254
2025-12-05 14:00:00,-1.3536373
2025-12-05 15:00:00,-1.3989661
2025-12-05 16:00:00,-0.27171576
2025-12-05 17:00:00,0.7320933
2025-12-05 18:00:00,1.1711645
